<?xml version="1.0" encoding="UTF-8"?>
<project-private xmlns="http://www.netbeans.org/ns/project-private/1">
    <editor-bookmarks xmlns="http://www.netbeans.org/ns/editor-bookmarks/2" lastBookmarkId="0"/>
    <open-files xmlns="http://www.netbeans.org/ns/projectui-open-files/2">
        <group>
            <file>file:/C:/Users/CS12/Documents/NetBeansProjects/Bean_use/Bean_use-war/web/add.jsp</file>
            <file>file:/C:/Users/CS12/Documents/NetBeansProjects/Bean_use/Bean_use-war/src/java/Addition/addNo.java</file>
            <file>file:/C:/Users/CS12/Documents/NetBeansProjects/Bean_use/Bean_use-war/web/WEB-INF/web.xml</file>
        </group>
    </open-files>
</project-private>
